track_name,track_duration,track_listeners,track_mbid,track_url,streamable.#text,streamable.fulltrack,artist_name,artist_mbid,artist_url,rank,chart_country,load_time
Sienna,224,66290,f3db7473-3a61-4053-a7ce-a8fe29dbe5fa,https://www.last.fm/music/The+Mar%C3%ADas/_/Sienna,0,0,The Marías,7a3970c9-ecd8-4eee-a267-4d8c77d97ff3,https://www.last.fm/music/The+Mar%C3%ADas,0,United States,2025-11-14 09:45:04.772489
Dracula,205,61245,5b1c893a-16da-4e3d-b9b7-6cc57afc360c,https://www.last.fm/music/Tame+Impala/_/Dracula,0,0,Tame Impala,63aa26c3-d59b-4da4-84ac-716b54f1ef4d,https://www.last.fm/music/Tame+Impala,1,United States,2025-11-14 09:45:04.772489
No One Noticed,236,58739,d13a634b-9f69-4256-9415-b7e95aac101d,https://www.last.fm/music/The+Mar%C3%ADas/_/No+One+Noticed,0,0,The Marías,7a3970c9-ecd8-4eee-a267-4d8c77d97ff3,https://www.last.fm/music/The+Mar%C3%ADas,2,United States,2025-11-14 09:45:04.772489
Creep,235,57227,,https://www.last.fm/music/Radiohead/_/Creep,0,0,Radiohead,a74b1b7f-71a5-4011-9441-d0b5e4122711,https://www.last.fm/music/Radiohead,3,United States,2025-11-14 09:45:04.772489
Let Down,337,51684,9e3e014f-14d1-47da-9712-0dc1dfe00421,https://www.last.fm/music/Radiohead/_/Let+Down,0,0,Radiohead,a74b1b7f-71a5-4011-9441-d0b5e4122711,https://www.last.fm/music/Radiohead,4,United States,2025-11-14 09:45:04.772489
505,305,50592,1025dd60-a781-4f30-8b12-2ab8bdef509c,https://www.last.fm/music/Arctic+Monkeys/_/505,0,0,Arctic Monkeys,ada7a83c-e3e1-40f1-93f9-3e73dbc9298a,https://www.last.fm/music/Arctic+Monkeys,5,United States,2025-11-14 09:45:04.772489
Sweater Weather,240,49561,c57fc620-9ca2-40be-95ec-2c498a2151a8,https://www.last.fm/music/The+Neighbourhood/_/Sweater+Weather,0,0,The Neighbourhood,53b06622-ec51-4924-a554-58b0affde6b5,https://www.last.fm/music/The+Neighbourhood,6,United States,2025-11-14 09:45:04.772489
Tears,160,48672,48f73745-0235-4244-9610-82f506fb40a7,https://www.last.fm/music/Sabrina+Carpenter/_/Tears,0,0,Sabrina Carpenter,1882fe91-cdd9-49c9-9956-8e06a3810bd4,https://www.last.fm/music/Sabrina+Carpenter,7,United States,2025-11-14 09:45:04.772489
Past Won't Leave My Bed,166,47559,455e9af8-3ce0-466d-8f80-3d586363d71b,https://www.last.fm/music/Joji/_/Past+Won%27t+Leave+My+Bed,0,0,Joji,74922d42-c3ec-4f7d-8a24-20da6eda6ba6,https://www.last.fm/music/Joji,8,United States,2025-11-14 09:45:04.772489
back to friends,199,46403,e374d8c3-da4b-42ce-84dd-26f7236907c3,https://www.last.fm/music/sombr/_/back+to+friends,0,0,sombr,502cf908-9921-48bc-bf0e-265c881c0156,https://www.last.fm/music/sombr,9,United States,2025-11-14 09:45:04.772489
PIXELATED KISSES,110,46358,55954136-95c6-4b12-977a-69da27c6a479,https://www.last.fm/music/Joji/_/PIXELATED+KISSES,0,0,Joji,74922d42-c3ec-4f7d-8a24-20da6eda6ba6,https://www.last.fm/music/Joji,10,United States,2025-11-14 09:45:04.772489
The Fate of Ophelia,226,46342,8670a098-6ab7-4e18-8ac0-0ec7259151f8,https://www.last.fm/music/Taylor+Swift/_/The+Fate+of+Ophelia,0,0,Taylor Swift,20244d07-534f-4eff-b4d4-930878889970,https://www.last.fm/music/Taylor+Swift,11,United States,2025-11-14 09:45:04.772489
SUGAR ON MY TONGUE,153,46234,49b3a5c3-4fda-4947-9dd8-f7d5713b2391,"https://www.last.fm/music/Tyler,+The+Creator/_/SUGAR+ON+MY+TONGUE",0,0,"Tyler, The Creator",f6beac20-5dfe-4d1f-ae02-0b0a740aafd6,"https://www.last.fm/music/Tyler,+The+Creator",12,United States,2025-11-14 09:45:04.772489
The Less I Know the Better,217,44802,78be434c-0908-458f-9693-f16cdebb68ef,https://www.last.fm/music/Tame+Impala/_/The+Less+I+Know+the+Better,0,0,Tame Impala,63aa26c3-d59b-4da4-84ac-716b54f1ef4d,https://www.last.fm/music/Tame+Impala,13,United States,2025-11-14 09:45:04.772489
Lovers Rock,213,44573,0a12c26b-c3be-4c9e-a963-a8719f7f2dcc,https://www.last.fm/music/TV+Girl/_/Lovers+Rock,0,0,TV Girl,38f0c7ac-46eb-49ca-b3ab-c785ccd05a60,https://www.last.fm/music/TV+Girl,14,United States,2025-11-14 09:45:04.772489
"Lover, You Should've Come Over",403,43900,,"https://www.last.fm/music/Jeff+Buckley/_/Lover,+You+Should%27ve+Come+Over",0,0,Jeff Buckley,e6e879c0-3d56-4f12-b3c5-3ce459661a8e,https://www.last.fm/music/Jeff+Buckley,15,United States,2025-11-14 09:45:04.772489
All I Need,280,43229,79067ee1-807a-4e36-a664-5c160df6de58,https://www.last.fm/music/Radiohead/_/All+I+Need,0,0,Radiohead,a74b1b7f-71a5-4011-9441-d0b5e4122711,https://www.last.fm/music/Radiohead,16,United States,2025-11-14 09:45:04.772489
House Tour,169,42926,6095702d-b48f-46a9-80a3-4f5723fe3b28,https://www.last.fm/music/Sabrina+Carpenter/_/House+Tour,0,0,Sabrina Carpenter,1882fe91-cdd9-49c9-9956-8e06a3810bd4,https://www.last.fm/music/Sabrina+Carpenter,17,United States,2025-11-14 09:45:04.772489
No Pole,187,42829,c44742a1-ef4a-4493-84d6-969ef837d125,https://www.last.fm/music/Don+Toliver/_/No+Pole,0,0,Don Toliver,a0723a3c-4135-438e-85c5-012712144ede,https://www.last.fm/music/Don+Toliver,18,United States,2025-11-14 09:45:04.772489
The Subway,252,42292,857d32a0-a2e3-403a-ac8a-78caede52acb,https://www.last.fm/music/Chappell+Roan/_/The+Subway,0,0,Chappell Roan,56a55378-f155-48de-80a5-d80104221267,https://www.last.fm/music/Chappell+Roan,19,United States,2025-11-14 09:45:04.772489
WHERE IS MY HUSBAND!,196,17954,8493b88b-faf1-4735-b329-2366ad52b955,https://www.last.fm/music/RAYE/_/WHERE+IS+MY+HUSBAND%21,0,0,RAYE,8be564c3-dfba-440b-af8c-4ffbceeef45e,https://www.last.fm/music/RAYE,0,United Kingdom,2025-11-14 09:45:05.624018
Man I Need,184,15862,dd801b86-829e-4305-b80e-d90410a5b0b9,https://www.last.fm/music/Olivia+Dean/_/Man+I+Need,0,0,Olivia Dean,15e0d608-0869-429b-898d-3d8db3ecedd5,https://www.last.fm/music/Olivia+Dean,1,United Kingdom,2025-11-14 09:45:05.624018
The Fate of Ophelia,226,15608,8670a098-6ab7-4e18-8ac0-0ec7259151f8,https://www.last.fm/music/Taylor+Swift/_/The+Fate+of+Ophelia,0,0,Taylor Swift,20244d07-534f-4eff-b4d4-930878889970,https://www.last.fm/music/Taylor+Swift,2,United Kingdom,2025-11-14 09:45:05.624018
Let Down,337,15168,9e3e014f-14d1-47da-9712-0dc1dfe00421,https://www.last.fm/music/Radiohead/_/Let+Down,0,0,Radiohead,a74b1b7f-71a5-4011-9441-d0b5e4122711,https://www.last.fm/music/Radiohead,3,United Kingdom,2025-11-14 09:45:05.624018
Tears,160,14870,48f73745-0235-4244-9610-82f506fb40a7,https://www.last.fm/music/Sabrina+Carpenter/_/Tears,0,0,Sabrina Carpenter,1882fe91-cdd9-49c9-9956-8e06a3810bd4,https://www.last.fm/music/Sabrina+Carpenter,4,United Kingdom,2025-11-14 09:45:05.624018
House Tour,169,14277,6095702d-b48f-46a9-80a3-4f5723fe3b28,https://www.last.fm/music/Sabrina+Carpenter/_/House+Tour,0,0,Sabrina Carpenter,1882fe91-cdd9-49c9-9956-8e06a3810bd4,https://www.last.fm/music/Sabrina+Carpenter,5,United Kingdom,2025-11-14 09:45:05.624018
back to friends,199,13683,e374d8c3-da4b-42ce-84dd-26f7236907c3,https://www.last.fm/music/sombr/_/back+to+friends,0,0,sombr,502cf908-9921-48bc-bf0e-265c881c0156,https://www.last.fm/music/sombr,6,United Kingdom,2025-11-14 09:45:05.624018
Dracula,205,12750,5b1c893a-16da-4e3d-b9b7-6cc57afc360c,https://www.last.fm/music/Tame+Impala/_/Dracula,0,0,Tame Impala,63aa26c3-d59b-4da4-84ac-716b54f1ef4d,https://www.last.fm/music/Tame+Impala,7,United Kingdom,2025-11-14 09:45:05.624018
So Easy (To Fall In Love),0,12615,,https://www.last.fm/music/Olivia+Dean/_/So+Easy+(To+Fall+In+Love),0,0,Olivia Dean,15e0d608-0869-429b-898d-3d8db3ecedd5,https://www.last.fm/music/Olivia+Dean,8,United Kingdom,2025-11-14 09:45:05.624018
Creep,235,12612,,https://www.last.fm/music/Radiohead/_/Creep,0,0,Radiohead,a74b1b7f-71a5-4011-9441-d0b5e4122711,https://www.last.fm/music/Radiohead,9,United Kingdom,2025-11-14 09:45:05.624018
Phantom,109,12343,,https://www.last.fm/music/EsDeeKid/_/Phantom,0,0,EsDeeKid,3d253cbd-fb66-4752-a8d1-f9b0db75bcea,https://www.last.fm/music/EsDeeKid,10,United Kingdom,2025-11-14 09:45:05.624018
All I Need,280,12332,79067ee1-807a-4e36-a664-5c160df6de58,https://www.last.fm/music/Radiohead/_/All+I+Need,0,0,Radiohead,a74b1b7f-71a5-4011-9441-d0b5e4122711,https://www.last.fm/music/Radiohead,11,United Kingdom,2025-11-14 09:45:05.624018
When Did You Get Hot?,145,12288,6af83cf4-2b5e-4bcf-aa04-5921ae79416c,https://www.last.fm/music/Sabrina+Carpenter/_/When+Did+You+Get+Hot%3F,0,0,Sabrina Carpenter,1882fe91-cdd9-49c9-9956-8e06a3810bd4,https://www.last.fm/music/Sabrina+Carpenter,12,United Kingdom,2025-11-14 09:45:05.624018
The Subway,252,12245,857d32a0-a2e3-403a-ac8a-78caede52acb,https://www.last.fm/music/Chappell+Roan/_/The+Subway,0,0,Chappell Roan,56a55378-f155-48de-80a5-d80104221267,https://www.last.fm/music/Chappell+Roan,13,United Kingdom,2025-11-14 09:45:05.624018
Feel Good Inc.,221,12089,,https://www.last.fm/music/Gorillaz/_/Feel+Good+Inc.,0,0,Gorillaz,e21857d5-3256-4547-afb3-4b6ded592596,https://www.last.fm/music/Gorillaz,14,United Kingdom,2025-11-14 09:45:05.624018
Manchild,213,11984,16afd537-24ce-45f4-b3bc-e2ac99de3bf0,https://www.last.fm/music/Sabrina+Carpenter/_/Manchild,0,0,Sabrina Carpenter,1882fe91-cdd9-49c9-9956-8e06a3810bd4,https://www.last.fm/music/Sabrina+Carpenter,15,United Kingdom,2025-11-14 09:45:05.624018
No Surprises,226,11817,,https://www.last.fm/music/Radiohead/_/No+Surprises,0,0,Radiohead,a74b1b7f-71a5-4011-9441-d0b5e4122711,https://www.last.fm/music/Radiohead,16,United Kingdom,2025-11-14 09:45:05.624018
Nice To Each Other,209,11704,17df1685-7e42-49e1-8f1e-4346fc7cc9a7,https://www.last.fm/music/Olivia+Dean/_/Nice+To+Each+Other,0,0,Olivia Dean,15e0d608-0869-429b-898d-3d8db3ecedd5,https://www.last.fm/music/Olivia+Dean,17,United Kingdom,2025-11-14 09:45:05.624018
The Less I Know the Better,217,11598,78be434c-0908-458f-9693-f16cdebb68ef,https://www.last.fm/music/Tame+Impala/_/The+Less+I+Know+the+Better,0,0,Tame Impala,63aa26c3-d59b-4da4-84ac-716b54f1ef4d,https://www.last.fm/music/Tame+Impala,18,United Kingdom,2025-11-14 09:45:05.624018
12 to 12,242,11354,aa4d95ad-3db9-45c0-a11e-6094765cc0d4,https://www.last.fm/music/sombr/_/12+to+12,0,0,sombr,502cf908-9921-48bc-bf0e-265c881c0156,https://www.last.fm/music/sombr,19,United Kingdom,2025-11-14 09:45:05.624018
Sienna,0,7467,,https://www.last.fm/music/The+Mar%C3%ADas/_/Sienna,0,0,The Marías,,https://www.last.fm/music/The+Mar%C3%ADas,0,Canada,2025-11-14 09:45:06.443150
No One Noticed,0,6895,,https://www.last.fm/music/The+Mar%C3%ADas/_/No+One+Noticed,0,0,The Marías,,https://www.last.fm/music/The+Mar%C3%ADas,1,Canada,2025-11-14 09:45:06.443150
The Fate of Ophelia,0,6765,,https://www.last.fm/music/Taylor+Swift/_/The+Fate+of+Ophelia,0,0,Taylor Swift,,https://www.last.fm/music/Taylor+Swift,2,Canada,2025-11-14 09:45:06.443150
Tears,0,6562,,https://www.last.fm/music/Sabrina+Carpenter/_/Tears,0,0,Sabrina Carpenter,,https://www.last.fm/music/Sabrina+Carpenter,3,Canada,2025-11-14 09:45:06.443150
Let Down,0,6559,,https://www.last.fm/music/Radiohead/_/Let+Down,0,0,Radiohead,,https://www.last.fm/music/Radiohead,4,Canada,2025-11-14 09:45:06.443150
Dracula,0,6347,,https://www.last.fm/music/Tame+Impala/_/Dracula,0,0,Tame Impala,,https://www.last.fm/music/Tame+Impala,5,Canada,2025-11-14 09:45:06.443150
back to friends,0,6184,,https://www.last.fm/music/sombr/_/back+to+friends,0,0,sombr,,https://www.last.fm/music/sombr,6,Canada,2025-11-14 09:45:06.443150
Sweater Weather,0,5971,,https://www.last.fm/music/The+Neighbourhood/_/Sweater+Weather,0,0,The Neighbourhood,,https://www.last.fm/music/The+Neighbourhood,7,Canada,2025-11-14 09:45:06.443150
Past Won't Leave My Bed,0,5887,,https://www.last.fm/music/Joji/_/Past+Won%27t+Leave+My+Bed,0,0,Joji,,https://www.last.fm/music/Joji,8,Canada,2025-11-14 09:45:06.443150
Creep,0,5743,,https://www.last.fm/music/Radiohead/_/Creep,0,0,Radiohead,,https://www.last.fm/music/Radiohead,9,Canada,2025-11-14 09:45:06.443150
When Did You Get Hot?,0,5646,,https://www.last.fm/music/Sabrina+Carpenter/_/When+Did+You+Get+Hot%3F,0,0,Sabrina Carpenter,,https://www.last.fm/music/Sabrina+Carpenter,10,Canada,2025-11-14 09:45:06.443150
Manchild,0,5641,,https://www.last.fm/music/Sabrina+Carpenter/_/Manchild,0,0,Sabrina Carpenter,,https://www.last.fm/music/Sabrina+Carpenter,11,Canada,2025-11-14 09:45:06.443150
House Tour,0,5611,,https://www.last.fm/music/Sabrina+Carpenter/_/House+Tour,0,0,Sabrina Carpenter,,https://www.last.fm/music/Sabrina+Carpenter,12,Canada,2025-11-14 09:45:06.443150
505,0,5557,,https://www.last.fm/music/Arctic+Monkeys/_/505,0,0,Arctic Monkeys,,https://www.last.fm/music/Arctic+Monkeys,13,Canada,2025-11-14 09:45:06.443150
Nobody’s Son,0,5492,,https://www.last.fm/music/Sabrina+Carpenter/_/Nobody%E2%80%99s+Son,0,0,Sabrina Carpenter,,https://www.last.fm/music/Sabrina+Carpenter,14,Canada,2025-11-14 09:45:06.443150
PIXELATED KISSES,0,5373,,https://www.last.fm/music/Joji/_/PIXELATED+KISSES,0,0,Joji,,https://www.last.fm/music/Joji,15,Canada,2025-11-14 09:45:06.443150
Sparks,0,5325,,https://www.last.fm/music/Coldplay/_/Sparks,0,0,Coldplay,,https://www.last.fm/music/Coldplay,16,Canada,2025-11-14 09:45:06.443150
The Color Violet,0,5203,,https://www.last.fm/music/Tory+Lanez/_/The+Color+Violet,0,0,Tory Lanez,,https://www.last.fm/music/Tory+Lanez,17,Canada,2025-11-14 09:45:06.443150
Golden,0,5194,,https://www.last.fm/music/HUNTR%2FX/_/Golden,0,0,HUNTR/X,,https://www.last.fm/music/HUNTR%2FX,18,Canada,2025-11-14 09:45:06.443150
Timeless (Feat Playboi Carti),0,5182,,https://www.last.fm/music/The+Weeknd/_/Timeless+(Feat+Playboi+Carti),0,0,The Weeknd,,https://www.last.fm/music/The+Weeknd,19,Canada,2025-11-14 09:45:06.443150
Man I Need,184,6739,dd801b86-829e-4305-b80e-d90410a5b0b9,https://www.last.fm/music/Olivia+Dean/_/Man+I+Need,0,0,Olivia Dean,15e0d608-0869-429b-898d-3d8db3ecedd5,https://www.last.fm/music/Olivia+Dean,0,Australia,2025-11-14 09:45:07.293696
back to friends,199,6373,e374d8c3-da4b-42ce-84dd-26f7236907c3,https://www.last.fm/music/sombr/_/back+to+friends,0,0,sombr,502cf908-9921-48bc-bf0e-265c881c0156,https://www.last.fm/music/sombr,1,Australia,2025-11-14 09:45:07.293696
Dracula,205,6097,5b1c893a-16da-4e3d-b9b7-6cc57afc360c,https://www.last.fm/music/Tame+Impala/_/Dracula,0,0,Tame Impala,63aa26c3-d59b-4da4-84ac-716b54f1ef4d,https://www.last.fm/music/Tame+Impala,2,Australia,2025-11-14 09:45:07.293696
Tears,160,5830,48f73745-0235-4244-9610-82f506fb40a7,https://www.last.fm/music/Sabrina+Carpenter/_/Tears,0,0,Sabrina Carpenter,1882fe91-cdd9-49c9-9956-8e06a3810bd4,https://www.last.fm/music/Sabrina+Carpenter,3,Australia,2025-11-14 09:45:07.293696
So Easy (To Fall In Love),0,5771,,https://www.last.fm/music/Olivia+Dean/_/So+Easy+(To+Fall+In+Love),0,0,Olivia Dean,15e0d608-0869-429b-898d-3d8db3ecedd5,https://www.last.fm/music/Olivia+Dean,4,Australia,2025-11-14 09:45:07.293696
The Fate of Ophelia,226,5717,8670a098-6ab7-4e18-8ac0-0ec7259151f8,https://www.last.fm/music/Taylor+Swift/_/The+Fate+of+Ophelia,0,0,Taylor Swift,20244d07-534f-4eff-b4d4-930878889970,https://www.last.fm/music/Taylor+Swift,5,Australia,2025-11-14 09:45:07.293696
WHERE IS MY HUSBAND!,196,5505,8493b88b-faf1-4735-b329-2366ad52b955,https://www.last.fm/music/RAYE/_/WHERE+IS+MY+HUSBAND%21,0,0,RAYE,8be564c3-dfba-440b-af8c-4ffbceeef45e,https://www.last.fm/music/RAYE,6,Australia,2025-11-14 09:45:07.293696
Let Down,337,5499,9e3e014f-14d1-47da-9712-0dc1dfe00421,https://www.last.fm/music/Radiohead/_/Let+Down,0,0,Radiohead,a74b1b7f-71a5-4011-9441-d0b5e4122711,https://www.last.fm/music/Radiohead,7,Australia,2025-11-14 09:45:07.293696
12 to 12,242,5206,aa4d95ad-3db9-45c0-a11e-6094765cc0d4,https://www.last.fm/music/sombr/_/12+to+12,0,0,sombr,502cf908-9921-48bc-bf0e-265c881c0156,https://www.last.fm/music/sombr,8,Australia,2025-11-14 09:45:07.293696
House Tour,169,5193,6095702d-b48f-46a9-80a3-4f5723fe3b28,https://www.last.fm/music/Sabrina+Carpenter/_/House+Tour,0,0,Sabrina Carpenter,1882fe91-cdd9-49c9-9956-8e06a3810bd4,https://www.last.fm/music/Sabrina+Carpenter,9,Australia,2025-11-14 09:45:07.293696
undressed,182,5149,9a79c037-0ef6-4146-81a5-8cdd8c558b9e,https://www.last.fm/music/sombr/_/undressed,0,0,sombr,502cf908-9921-48bc-bf0e-265c881c0156,https://www.last.fm/music/sombr,10,Australia,2025-11-14 09:45:07.293696
When Did You Get Hot?,145,5127,6af83cf4-2b5e-4bcf-aa04-5921ae79416c,https://www.last.fm/music/Sabrina+Carpenter/_/When+Did+You+Get+Hot%3F,0,0,Sabrina Carpenter,1882fe91-cdd9-49c9-9956-8e06a3810bd4,https://www.last.fm/music/Sabrina+Carpenter,11,Australia,2025-11-14 09:45:07.293696
SUGAR ON MY TONGUE,153,5101,49b3a5c3-4fda-4947-9dd8-f7d5713b2391,"https://www.last.fm/music/Tyler,+The+Creator/_/SUGAR+ON+MY+TONGUE",0,0,"Tyler, The Creator",f6beac20-5dfe-4d1f-ae02-0b0a740aafd6,"https://www.last.fm/music/Tyler,+The+Creator",12,Australia,2025-11-14 09:45:07.293696
Sienna,224,5079,f3db7473-3a61-4053-a7ce-a8fe29dbe5fa,https://www.last.fm/music/The+Mar%C3%ADas/_/Sienna,0,0,The Marías,7a3970c9-ecd8-4eee-a267-4d8c77d97ff3,https://www.last.fm/music/The+Mar%C3%ADas,13,Australia,2025-11-14 09:45:07.293696
Fame Is a Gun,183,5031,37907edc-06c1-4d08-b2ef-7e5221986f91,https://www.last.fm/music/Addison+Rae/_/Fame+Is+a+Gun,0,0,Addison Rae,610b71d9-fa78-47d6-9073-083922e73840,https://www.last.fm/music/Addison+Rae,14,Australia,2025-11-14 09:45:07.293696
Diet Pepsi,169,5022,49da01a2-aecd-4449-83f6-c81ca5de7321,https://www.last.fm/music/Addison+Rae/_/Diet+Pepsi,0,0,Addison Rae,610b71d9-fa78-47d6-9073-083922e73840,https://www.last.fm/music/Addison+Rae,15,Australia,2025-11-14 09:45:07.293696
The Subway,252,4915,857d32a0-a2e3-403a-ac8a-78caede52acb,https://www.last.fm/music/Chappell+Roan/_/The+Subway,0,0,Chappell Roan,56a55378-f155-48de-80a5-d80104221267,https://www.last.fm/music/Chappell+Roan,16,Australia,2025-11-14 09:45:07.293696
Nice To Each Other,209,4883,17df1685-7e42-49e1-8f1e-4346fc7cc9a7,https://www.last.fm/music/Olivia+Dean/_/Nice+To+Each+Other,0,0,Olivia Dean,15e0d608-0869-429b-898d-3d8db3ecedd5,https://www.last.fm/music/Olivia+Dean,17,Australia,2025-11-14 09:45:07.293696
No One Noticed,236,4868,d13a634b-9f69-4256-9415-b7e95aac101d,https://www.last.fm/music/The+Mar%C3%ADas/_/No+One+Noticed,0,0,The Marías,7a3970c9-ecd8-4eee-a267-4d8c77d97ff3,https://www.last.fm/music/The+Mar%C3%ADas,18,Australia,2025-11-14 09:45:07.293696
The Less I Know the Better,217,4736,78be434c-0908-458f-9693-f16cdebb68ef,https://www.last.fm/music/Tame+Impala/_/The+Less+I+Know+the+Better,0,0,Tame Impala,63aa26c3-d59b-4da4-84ac-716b54f1ef4d,https://www.last.fm/music/Tame+Impala,19,Australia,2025-11-14 09:45:07.293696
The Fate of Ophelia,0,6197,,https://www.last.fm/music/Taylor+Swift/_/The+Fate+of+Ophelia,0,0,Taylor Swift,,https://www.last.fm/music/Taylor+Swift,0,Germany,2025-11-14 09:45:08.216580
BERGHAIN,0,6100,,https://www.last.fm/music/ROSAL%C3%8DA/_/BERGHAIN,0,0,ROSALÍA,,https://www.last.fm/music/ROSAL%C3%8DA,1,Germany,2025-11-14 09:45:08.216580
back to friends,0,5195,,https://www.last.fm/music/sombr/_/back+to+friends,0,0,sombr,,https://www.last.fm/music/sombr,2,Germany,2025-11-14 09:45:08.216580
Sweater Weather,0,4786,,https://www.last.fm/music/The+Neighbourhood/_/Sweater+Weather,0,0,The Neighbourhood,,https://www.last.fm/music/The+Neighbourhood,3,Germany,2025-11-14 09:45:08.216580
"Sexo, Violencia y Llantas",0,4588,,"https://www.last.fm/music/ROSAL%C3%8DA/_/Sexo,+Violencia+y+Llantas",0,0,ROSALÍA,,https://www.last.fm/music/ROSAL%C3%8DA,4,Germany,2025-11-14 09:45:08.216580
Reliquia,0,4296,,https://www.last.fm/music/ROSAL%C3%8DA/_/Reliquia,0,0,ROSALÍA,,https://www.last.fm/music/ROSAL%C3%8DA,5,Germany,2025-11-14 09:45:08.216580
Dracula,0,4091,,https://www.last.fm/music/Tame+Impala/_/Dracula,0,0,Tame Impala,,https://www.last.fm/music/Tame+Impala,6,Germany,2025-11-14 09:45:08.216580
WHERE IS MY HUSBAND!,0,4071,,https://www.last.fm/music/RAYE/_/WHERE+IS+MY+HUSBAND%21,0,0,RAYE,,https://www.last.fm/music/RAYE,7,Germany,2025-11-14 09:45:08.216580
Divinize,0,3993,,https://www.last.fm/music/ROSAL%C3%8DA/_/Divinize,0,0,ROSALÍA,,https://www.last.fm/music/ROSAL%C3%8DA,8,Germany,2025-11-14 09:45:08.216580
Golden,0,3940,,https://www.last.fm/music/HUNTR%2FX/_/Golden,0,0,HUNTR/X,,https://www.last.fm/music/HUNTR%2FX,9,Germany,2025-11-14 09:45:08.216580
Back outside,0,3872,,https://www.last.fm/music/Sosa+La+M/_/Back+outside,0,0,Sosa La M,,https://www.last.fm/music/Sosa+La+M,10,Germany,2025-11-14 09:45:08.216580
La Perla,0,3734,,https://www.last.fm/music/ROSAL%C3%8DA/_/La+Perla,0,0,ROSALÍA,,https://www.last.fm/music/ROSAL%C3%8DA,11,Germany,2025-11-14 09:45:08.216580
Porcelana,0,3701,,https://www.last.fm/music/ROSAL%C3%8DA/_/Porcelana,0,0,ROSALÍA,,https://www.last.fm/music/ROSAL%C3%8DA,12,Germany,2025-11-14 09:45:08.216580
In the End,0,3671,,https://www.last.fm/music/Linkin+Park/_/In+the+End,0,0,Linkin Park,,https://www.last.fm/music/Linkin+Park,13,Germany,2025-11-14 09:45:08.216580
Softcore,0,3656,,https://www.last.fm/music/The+Neighbourhood/_/Softcore,0,0,The Neighbourhood,,https://www.last.fm/music/The+Neighbourhood,14,Germany,2025-11-14 09:45:08.216580
Mio Cristo Piange Diamanti,0,3441,,https://www.last.fm/music/ROSAL%C3%8DA/_/Mio+Cristo+Piange+Diamanti,0,0,ROSALÍA,,https://www.last.fm/music/ROSAL%C3%8DA,15,Germany,2025-11-14 09:45:08.216580
Feel Good Inc.,0,3343,,https://www.last.fm/music/Gorillaz/_/Feel+Good+Inc.,0,0,Gorillaz,,https://www.last.fm/music/Gorillaz,16,Germany,2025-11-14 09:45:08.216580
undressed,0,3308,,https://www.last.fm/music/sombr/_/undressed,0,0,sombr,,https://www.last.fm/music/sombr,17,Germany,2025-11-14 09:45:08.216580
The Emptiness Machine,0,3304,,https://www.last.fm/music/Linkin+Park/_/The+Emptiness+Machine,0,0,Linkin Park,,https://www.last.fm/music/Linkin+Park,18,Germany,2025-11-14 09:45:08.216580
Timeless (Feat Playboi Carti),0,3291,,https://www.last.fm/music/The+Weeknd/_/Timeless+(Feat+Playboi+Carti),0,0,The Weeknd,,https://www.last.fm/music/The+Weeknd,19,Germany,2025-11-14 09:45:08.216580
Le Pacte,268,6300,756282ec-9a3d-4e17-b41c-cd65013e5559,https://www.last.fm/music/Orelsan/_/Le+Pacte,0,0,Orelsan,6cad3ce5-6380-4594-a8da-ae7d273b683d,https://www.last.fm/music/Orelsan,0,France,2025-11-14 09:45:09.025404
melodrama,0,6298,,https://www.last.fm/music/Disiz/_/melodrama,0,0,Disiz,,https://www.last.fm/music/Disiz,1,France,2025-11-14 09:45:09.025404
Ailleurs,192,6237,fd961042-0f8e-43c0-967e-fc2f4d790325,https://www.last.fm/music/Orelsan/_/Ailleurs,0,0,Orelsan,6cad3ce5-6380-4594-a8da-ae7d273b683d,https://www.last.fm/music/Orelsan,2,France,2025-11-14 09:45:09.025404
Boss,189,5869,82bbde9f-28e0-4400-a424-da4120db2fd1,https://www.last.fm/music/Orelsan/_/Boss,0,0,Orelsan,6cad3ce5-6380-4594-a8da-ae7d273b683d,https://www.last.fm/music/Orelsan,3,France,2025-11-14 09:45:09.025404
Plus rien (feat. Lilas),0,5713,,https://www.last.fm/music/Orelsan/_/Plus+rien+(feat.+Lilas),0,0,Orelsan,,https://www.last.fm/music/Orelsan,4,France,2025-11-14 09:45:09.025404
Soleil levant,204,5573,5cc6af59-9531-4e20-b57c-60203714284b,https://www.last.fm/music/Orelsan/_/Soleil+levant,0,0,Orelsan,6cad3ce5-6380-4594-a8da-ae7d273b683d,https://www.last.fm/music/Orelsan,5,France,2025-11-14 09:45:09.025404
"Sexo, Violencia y Llantas",140,5452,e094efe9-3c07-449e-83cf-4ffbad92e95d,"https://www.last.fm/music/ROSAL%C3%8DA/_/Sexo,+Violencia+y+Llantas",0,0,ROSALÍA,25f3abd9-63b5-471a-bd25-feb9672dfa11,https://www.last.fm/music/ROSAL%C3%8DA,6,France,2025-11-14 09:45:09.025404
Deux et demi,228,5367,eae1297f-6663-4c3b-abf3-157cbbe4c164,https://www.last.fm/music/Orelsan/_/Deux+et+demi,0,0,Orelsan,6cad3ce5-6380-4594-a8da-ae7d273b683d,https://www.last.fm/music/Orelsan,7,France,2025-11-14 09:45:09.025404
Osaka,191,5356,767c4ba6-83bb-40cd-a2f8-2005a1aef06c,https://www.last.fm/music/Orelsan/_/Osaka,0,0,Orelsan,6cad3ce5-6380-4594-a8da-ae7d273b683d,https://www.last.fm/music/Orelsan,8,France,2025-11-14 09:45:09.025404
Encore une fois,181,5340,3f3492e5-42ab-4d83-95a4-c0b65b005c6c,https://www.last.fm/music/Orelsan/_/Encore+une+fois,0,0,Orelsan,6cad3ce5-6380-4594-a8da-ae7d273b683d,https://www.last.fm/music/Orelsan,9,France,2025-11-14 09:45:09.025404
BERGHAIN,178,5295,01994ced-bddd-4286-b24e-9b72033983e2,https://www.last.fm/music/ROSAL%C3%8DA/_/BERGHAIN,0,0,ROSALÍA,25f3abd9-63b5-471a-bd25-feb9672dfa11,https://www.last.fm/music/ROSAL%C3%8DA,10,France,2025-11-14 09:45:09.025404
La petite voix,242,5281,5446c48e-75ae-4c96-9f05-edfaa9b3ff50,https://www.last.fm/music/Orelsan/_/La+petite+voix,0,0,Orelsan,6cad3ce5-6380-4594-a8da-ae7d273b683d,https://www.last.fm/music/Orelsan,11,France,2025-11-14 09:45:09.025404
Reliquia,230,5276,6fb6ba14-288a-4551-ba61-68c63f0a9f83,https://www.last.fm/music/ROSAL%C3%8DA/_/Reliquia,0,0,ROSALÍA,25f3abd9-63b5-471a-bd25-feb9672dfa11,https://www.last.fm/music/ROSAL%C3%8DA,12,France,2025-11-14 09:45:09.025404
Internet,101,5096,6ca9b9d4-3ebf-42a9-b1bc-646d01957c0c,https://www.last.fm/music/Orelsan/_/Internet,0,0,Orelsan,6cad3ce5-6380-4594-a8da-ae7d273b683d,https://www.last.fm/music/Orelsan,13,France,2025-11-14 09:45:09.025404
Dans quelques mois,208,4971,c5a7d94b-1e8d-4b6c-aa7c-da3da79e19f0,https://www.last.fm/music/Orelsan/_/Dans+quelques+mois,0,0,Orelsan,6cad3ce5-6380-4594-a8da-ae7d273b683d,https://www.last.fm/music/Orelsan,14,France,2025-11-14 09:45:09.025404
Divinize,243,4861,2185db2a-e6a4-487b-a3a4-2b030a2daa53,https://www.last.fm/music/ROSAL%C3%8DA/_/Divinize,0,0,ROSALÍA,25f3abd9-63b5-471a-bd25-feb9672dfa11,https://www.last.fm/music/ROSAL%C3%8DA,15,France,2025-11-14 09:45:09.025404
Sama,223,4833,400554bb-5c33-42f3-9ca8-6c659378d5f4,https://www.last.fm/music/Orelsan/_/Sama,0,0,Orelsan,6cad3ce5-6380-4594-a8da-ae7d273b683d,https://www.last.fm/music/Orelsan,16,France,2025-11-14 09:45:09.025404
Tellement d'amis,228,4778,85607e62-7e9c-402d-bc92-5838d19156d2,https://www.last.fm/music/Orelsan/_/Tellement+d%27amis,0,0,Orelsan,6cad3ce5-6380-4594-a8da-ae7d273b683d,https://www.last.fm/music/Orelsan,17,France,2025-11-14 09:45:09.025404
Oulalalala (feat. FIFTY FIFTY),0,4778,,https://www.last.fm/music/Orelsan/_/Oulalalala+(feat.+FIFTY+FIFTY),0,0,Orelsan,,https://www.last.fm/music/Orelsan,18,France,2025-11-14 09:45:09.025404
Porcelana,247,4543,26053fb8-8cc8-42a5-9578-680ec3542355,https://www.last.fm/music/ROSAL%C3%8DA/_/Porcelana,0,0,ROSALÍA,25f3abd9-63b5-471a-bd25-feb9672dfa11,https://www.last.fm/music/ROSAL%C3%8DA,19,France,2025-11-14 09:45:09.025404
IRIS OUT,151,1116,83dbaf01-8a59-47c8-971c-e0b07cd12c95,https://www.last.fm/music/%E7%B1%B3%E6%B4%A5%E7%8E%84%E5%B8%AB/_/IRIS+OUT,0,0,米津玄師,09d4a85c-4916-4b4e-bc96-c4cfcf371046,https://www.last.fm/music/%E7%B1%B3%E6%B4%A5%E7%8E%84%E5%B8%AB,0,Japan,2025-11-14 09:45:09.873223
SPAGHETTI,0,657,,https://www.last.fm/music/LE+SSERAFIM/_/SPAGHETTI,0,0,LE SSERAFIM,,https://www.last.fm/music/LE+SSERAFIM,1,Japan,2025-11-14 09:45:09.873223
JANE DOE,0,645,,https://www.last.fm/music/%E7%B1%B3%E6%B4%A5%E7%8E%84%E5%B8%AB/_/JANE+DOE,0,0,米津玄師,,https://www.last.fm/music/%E7%B1%B3%E6%B4%A5%E7%8E%84%E5%B8%AB,2,Japan,2025-11-14 09:45:09.873223
"Sexo, Violencia y Llantas",140,553,e094efe9-3c07-449e-83cf-4ffbad92e95d,"https://www.last.fm/music/ROSAL%C3%8DA/_/Sexo,+Violencia+y+Llantas",0,0,ROSALÍA,25f3abd9-63b5-471a-bd25-feb9672dfa11,https://www.last.fm/music/ROSAL%C3%8DA,3,Japan,2025-11-14 09:45:09.873223
Reliquia,230,547,6fb6ba14-288a-4551-ba61-68c63f0a9f83,https://www.last.fm/music/ROSAL%C3%8DA/_/Reliquia,0,0,ROSALÍA,25f3abd9-63b5-471a-bd25-feb9672dfa11,https://www.last.fm/music/ROSAL%C3%8DA,4,Japan,2025-11-14 09:45:09.873223
BERGHAIN,178,540,01994ced-bddd-4286-b24e-9b72033983e2,https://www.last.fm/music/ROSAL%C3%8DA/_/BERGHAIN,0,0,ROSALÍA,25f3abd9-63b5-471a-bd25-feb9672dfa11,https://www.last.fm/music/ROSAL%C3%8DA,5,Japan,2025-11-14 09:45:09.873223
Divinize,243,499,2185db2a-e6a4-487b-a3a4-2b030a2daa53,https://www.last.fm/music/ROSAL%C3%8DA/_/Divinize,0,0,ROSALÍA,25f3abd9-63b5-471a-bd25-feb9672dfa11,https://www.last.fm/music/ROSAL%C3%8DA,6,Japan,2025-11-14 09:45:09.873223
IRIS OUT,0,497,,https://www.last.fm/music/Kenshi+Yonezu/_/IRIS+OUT,0,0,Kenshi Yonezu,,https://www.last.fm/music/Kenshi+Yonezu,7,Japan,2025-11-14 09:45:09.873223
Ditto,185,496,adf44a12-e5f4-48aa-9029-b9ef4b5f1d6d,https://www.last.fm/music/NewJeans/_/Ditto,0,0,NewJeans,49204a7a-ed85-407a-828f-6fd46f1d8126,https://www.last.fm/music/NewJeans,8,Japan,2025-11-14 09:45:09.873223
Golden,194,488,f40cee59-ae8b-45cf-98e8-9c7278dbd821,https://www.last.fm/music/HUNTR%2FX/_/Golden,0,0,HUNTR/X,,https://www.last.fm/music/HUNTR%2FX,9,Japan,2025-11-14 09:45:09.873223
Porcelana,247,486,26053fb8-8cc8-42a5-9578-680ec3542355,https://www.last.fm/music/ROSAL%C3%8DA/_/Porcelana,0,0,ROSALÍA,25f3abd9-63b5-471a-bd25-feb9672dfa11,https://www.last.fm/music/ROSAL%C3%8DA,10,Japan,2025-11-14 09:45:09.873223
La Perla,0,475,060bdc2b-197b-4053-a9e9-53082982ad49,https://www.last.fm/music/ROSAL%C3%8DA/_/La+Perla,0,0,ROSALÍA,25f3abd9-63b5-471a-bd25-feb9672dfa11,https://www.last.fm/music/ROSAL%C3%8DA,11,Japan,2025-11-14 09:45:09.873223
ライラック,289,449,bca4f0f6-0033-4e79-872e-1ce5c2cf8dd0,https://www.last.fm/music/Mrs.+GREEN+APPLE/_/%E3%83%A9%E3%82%A4%E3%83%A9%E3%83%83%E3%82%AF,0,0,Mrs. GREEN APPLE,9ce674b7-5180-41f7-9ac2-95dc0d8a0ed2,https://www.last.fm/music/Mrs.+GREEN+APPLE,12,Japan,2025-11-14 09:45:09.873223
1991,227,446,681dec15-f348-4f1c-840a-0baa0ec2c572,https://www.last.fm/music/%E7%B1%B3%E6%B4%A5%E7%8E%84%E5%B8%AB/_/1991,0,0,米津玄師,09d4a85c-4916-4b4e-bc96-c4cfcf371046,https://www.last.fm/music/%E7%B1%B3%E6%B4%A5%E7%8E%84%E5%B8%AB,13,Japan,2025-11-14 09:45:09.873223
Past Won't Leave My Bed,166,443,455e9af8-3ce0-466d-8f80-3d586363d71b,https://www.last.fm/music/Joji/_/Past+Won%27t+Leave+My+Bed,0,0,Joji,74922d42-c3ec-4f7d-8a24-20da6eda6ba6,https://www.last.fm/music/Joji,14,Japan,2025-11-14 09:45:09.873223
Mio Cristo Piange Diamanti,269,436,,https://www.last.fm/music/ROSAL%C3%8DA/_/Mio+Cristo+Piange+Diamanti,0,0,ROSALÍA,25f3abd9-63b5-471a-bd25-feb9672dfa11,https://www.last.fm/music/ROSAL%C3%8DA,15,Japan,2025-11-14 09:45:09.873223
革命道中 - On The Way,0,426,,https://www.last.fm/music/%E3%82%A2%E3%82%A4%E3%83%8A%E3%83%BB%E3%82%B8%E3%83%BB%E3%82%A8%E3%83%B3%E3%83%89/_/%E9%9D%A9%E5%91%BD%E9%81%93%E4%B8%AD+-+On+The+Way,0,0,アイナ・ジ・エンド,19827018-8590-4ff1-9ab1-d12296e75a63,https://www.last.fm/music/%E3%82%A2%E3%82%A4%E3%83%8A%E3%83%BB%E3%82%B8%E3%83%BB%E3%82%A8%E3%83%B3%E3%83%89,16,Japan,2025-11-14 09:45:09.873223
怪獣の花唄,224,417,3afe810a-2f65-4b39-a7c2-a352d20ce012,https://www.last.fm/music/Vaundy/_/%E6%80%AA%E7%8D%A3%E3%81%AE%E8%8A%B1%E5%94%84,0,0,Vaundy,114b26ff-a1fe-41f3-9df8-5c093afe9c56,https://www.last.fm/music/Vaundy,17,Japan,2025-11-14 09:45:09.873223
踊り子,230,410,bd09a525-86d8-46dc-85a5-4b305170c789,https://www.last.fm/music/Vaundy/_/%E8%B8%8A%E3%82%8A%E5%AD%90,0,0,Vaundy,114b26ff-a1fe-41f3-9df8-5c093afe9c56,https://www.last.fm/music/Vaundy,18,Japan,2025-11-14 09:45:09.873223
De Madrugá,104,408,0b35c7cd-80d0-4e09-8b5f-a8ec5597d2fd,https://www.last.fm/music/ROSAL%C3%8DA/_/De+Madrug%C3%A1,0,0,ROSALÍA,25f3abd9-63b5-471a-bd25-feb9672dfa11,https://www.last.fm/music/ROSAL%C3%8DA,19,Japan,2025-11-14 09:45:09.873223
"Sexo, Violencia y Llantas",140,4115,e094efe9-3c07-449e-83cf-4ffbad92e95d,"https://www.last.fm/music/ROSAL%C3%8DA/_/Sexo,+Violencia+y+Llantas",0,0,ROSALÍA,25f3abd9-63b5-471a-bd25-feb9672dfa11,https://www.last.fm/music/ROSAL%C3%8DA,0,Italy,2025-11-14 09:45:10.721487
Mio Cristo Piange Diamanti,269,4008,,https://www.last.fm/music/ROSAL%C3%8DA/_/Mio+Cristo+Piange+Diamanti,0,0,ROSALÍA,25f3abd9-63b5-471a-bd25-feb9672dfa11,https://www.last.fm/music/ROSAL%C3%8DA,1,Italy,2025-11-14 09:45:10.721487
BERGHAIN,178,3966,01994ced-bddd-4286-b24e-9b72033983e2,https://www.last.fm/music/ROSAL%C3%8DA/_/BERGHAIN,0,0,ROSALÍA,25f3abd9-63b5-471a-bd25-feb9672dfa11,https://www.last.fm/music/ROSAL%C3%8DA,2,Italy,2025-11-14 09:45:10.721487
Reliquia,230,3825,6fb6ba14-288a-4551-ba61-68c63f0a9f83,https://www.last.fm/music/ROSAL%C3%8DA/_/Reliquia,0,0,ROSALÍA,25f3abd9-63b5-471a-bd25-feb9672dfa11,https://www.last.fm/music/ROSAL%C3%8DA,3,Italy,2025-11-14 09:45:10.721487
Divinize,243,3549,2185db2a-e6a4-487b-a3a4-2b030a2daa53,https://www.last.fm/music/ROSAL%C3%8DA/_/Divinize,0,0,ROSALÍA,25f3abd9-63b5-471a-bd25-feb9672dfa11,https://www.last.fm/music/ROSAL%C3%8DA,4,Italy,2025-11-14 09:45:10.721487
La Perla,0,3430,060bdc2b-197b-4053-a9e9-53082982ad49,https://www.last.fm/music/ROSAL%C3%8DA/_/La+Perla,0,0,ROSALÍA,25f3abd9-63b5-471a-bd25-feb9672dfa11,https://www.last.fm/music/ROSAL%C3%8DA,5,Italy,2025-11-14 09:45:10.721487
Porcelana,247,3381,26053fb8-8cc8-42a5-9578-680ec3542355,https://www.last.fm/music/ROSAL%C3%8DA/_/Porcelana,0,0,ROSALÍA,25f3abd9-63b5-471a-bd25-feb9672dfa11,https://www.last.fm/music/ROSAL%C3%8DA,6,Italy,2025-11-14 09:45:10.721487
De Madrugá,104,3135,0b35c7cd-80d0-4e09-8b5f-a8ec5597d2fd,https://www.last.fm/music/ROSAL%C3%8DA/_/De+Madrug%C3%A1,0,0,ROSALÍA,25f3abd9-63b5-471a-bd25-feb9672dfa11,https://www.last.fm/music/ROSAL%C3%8DA,7,Italy,2025-11-14 09:45:10.721487
FELLINI (feat. Kid Yugi),0,3072,,https://www.last.fm/music/Ernia/_/FELLINI+(feat.+Kid+Yugi),0,0,Ernia,,https://www.last.fm/music/Ernia,8,Italy,2025-11-14 09:45:10.721487
Mundo Nuevo,140,3055,aae3b3ac-48bc-4f20-8727-ea5ac1db7508,https://www.last.fm/music/ROSAL%C3%8DA/_/Mundo+Nuevo,0,0,ROSALÍA,25f3abd9-63b5-471a-bd25-feb9672dfa11,https://www.last.fm/music/ROSAL%C3%8DA,9,Italy,2025-11-14 09:45:10.721487
Dios Es Un Stalker,131,3037,8dfc0a7a-5058-4d33-9177-f35032cc6e0d,https://www.last.fm/music/ROSAL%C3%8DA/_/Dios+Es+Un+Stalker,0,0,ROSALÍA,25f3abd9-63b5-471a-bd25-feb9672dfa11,https://www.last.fm/music/ROSAL%C3%8DA,10,Italy,2025-11-14 09:45:10.721487
La Yugular,258,2864,167d038c-7083-478c-966f-4a19c7184cb3,https://www.last.fm/music/ROSAL%C3%8DA/_/La+Yugular,0,0,ROSALÍA,25f3abd9-63b5-471a-bd25-feb9672dfa11,https://www.last.fm/music/ROSAL%C3%8DA,11,Italy,2025-11-14 09:45:10.721487
Sauvignon blanc,162,2722,105ce29c-8055-44d3-810e-4cbe7532754d,https://www.last.fm/music/ROSAL%C3%8DA/_/Sauvignon+blanc,0,0,ROSALÍA,25f3abd9-63b5-471a-bd25-feb9672dfa11,https://www.last.fm/music/ROSAL%C3%8DA,12,Italy,2025-11-14 09:45:10.721487
Pura Purissima (feat. Nerissima Serpe),0,2550,,https://www.last.fm/music/Papa+V/_/Pura+Purissima+(feat.+Nerissima+Serpe),0,0,Papa V,,https://www.last.fm/music/Papa+V,13,Italy,2025-11-14 09:45:10.721487
La Rumba Del Perdón,0,2475,57819a37-8e46-4df5-a340-1a78dc35c100,https://www.last.fm/music/ROSAL%C3%8DA/_/La+Rumba+Del+Perd%C3%B3n,0,0,ROSALÍA,25f3abd9-63b5-471a-bd25-feb9672dfa11,https://www.last.fm/music/ROSAL%C3%8DA,14,Italy,2025-11-14 09:45:10.721487
Magnolias,194,2463,e0532d44-a61d-42fb-bce7-1b6501158be7,https://www.last.fm/music/ROSAL%C3%8DA/_/Magnolias,0,0,ROSALÍA,25f3abd9-63b5-471a-bd25-feb9672dfa11,https://www.last.fm/music/ROSAL%C3%8DA,15,Italy,2025-11-14 09:45:10.721487
The Fate of Ophelia,226,2402,8670a098-6ab7-4e18-8ac0-0ec7259151f8,https://www.last.fm/music/Taylor+Swift/_/The+Fate+of+Ophelia,0,0,Taylor Swift,20244d07-534f-4eff-b4d4-930878889970,https://www.last.fm/music/Taylor+Swift,16,Italy,2025-11-14 09:45:10.721487
Memória,0,2250,b3f9b267-0087-4105-a195-b5acbdf6ec7c,https://www.last.fm/music/ROSAL%C3%8DA/_/Mem%C3%B3ria,0,0,ROSALÍA,25f3abd9-63b5-471a-bd25-feb9672dfa11,https://www.last.fm/music/ROSAL%C3%8DA,17,Italy,2025-11-14 09:45:10.721487
"MONEY (feat. Artie 5ive, Guè)",0,2210,,"https://www.last.fm/music/saYf/_/MONEY+(feat.+Artie+5ive,+Gu%C3%A8)",0,0,saYf,,https://www.last.fm/music/saYf,18,Italy,2025-11-14 09:45:10.721487
back to friends,199,2042,e374d8c3-da4b-42ce-84dd-26f7236907c3,https://www.last.fm/music/sombr/_/back+to+friends,0,0,sombr,502cf908-9921-48bc-bf0e-265c881c0156,https://www.last.fm/music/sombr,19,Italy,2025-11-14 09:45:10.721487
"Sexo, Violencia y Llantas",140,16856,e094efe9-3c07-449e-83cf-4ffbad92e95d,"https://www.last.fm/music/ROSAL%C3%8DA/_/Sexo,+Violencia+y+Llantas",0,0,ROSALÍA,25f3abd9-63b5-471a-bd25-feb9672dfa11,https://www.last.fm/music/ROSAL%C3%8DA,0,Spain,2025-11-14 09:45:11.569628
Reliquia,230,16246,6fb6ba14-288a-4551-ba61-68c63f0a9f83,https://www.last.fm/music/ROSAL%C3%8DA/_/Reliquia,0,0,ROSALÍA,25f3abd9-63b5-471a-bd25-feb9672dfa11,https://www.last.fm/music/ROSAL%C3%8DA,1,Spain,2025-11-14 09:45:11.569628
La Perla,0,15500,060bdc2b-197b-4053-a9e9-53082982ad49,https://www.last.fm/music/ROSAL%C3%8DA/_/La+Perla,0,0,ROSALÍA,25f3abd9-63b5-471a-bd25-feb9672dfa11,https://www.last.fm/music/ROSAL%C3%8DA,2,Spain,2025-11-14 09:45:11.569628
Divinize,243,15354,2185db2a-e6a4-487b-a3a4-2b030a2daa53,https://www.last.fm/music/ROSAL%C3%8DA/_/Divinize,0,0,ROSALÍA,25f3abd9-63b5-471a-bd25-feb9672dfa11,https://www.last.fm/music/ROSAL%C3%8DA,3,Spain,2025-11-14 09:45:11.569628
Porcelana,247,14923,26053fb8-8cc8-42a5-9578-680ec3542355,https://www.last.fm/music/ROSAL%C3%8DA/_/Porcelana,0,0,ROSALÍA,25f3abd9-63b5-471a-bd25-feb9672dfa11,https://www.last.fm/music/ROSAL%C3%8DA,4,Spain,2025-11-14 09:45:11.569628
BERGHAIN,178,14787,01994ced-bddd-4286-b24e-9b72033983e2,https://www.last.fm/music/ROSAL%C3%8DA/_/BERGHAIN,0,0,ROSALÍA,25f3abd9-63b5-471a-bd25-feb9672dfa11,https://www.last.fm/music/ROSAL%C3%8DA,5,Spain,2025-11-14 09:45:11.569628
Dios Es Un Stalker,131,14117,8dfc0a7a-5058-4d33-9177-f35032cc6e0d,https://www.last.fm/music/ROSAL%C3%8DA/_/Dios+Es+Un+Stalker,0,0,ROSALÍA,25f3abd9-63b5-471a-bd25-feb9672dfa11,https://www.last.fm/music/ROSAL%C3%8DA,6,Spain,2025-11-14 09:45:11.569628
De Madrugá,104,14107,0b35c7cd-80d0-4e09-8b5f-a8ec5597d2fd,https://www.last.fm/music/ROSAL%C3%8DA/_/De+Madrug%C3%A1,0,0,ROSALÍA,25f3abd9-63b5-471a-bd25-feb9672dfa11,https://www.last.fm/music/ROSAL%C3%8DA,7,Spain,2025-11-14 09:45:11.569628
Mio Cristo Piange Diamanti,269,14034,,https://www.last.fm/music/ROSAL%C3%8DA/_/Mio+Cristo+Piange+Diamanti,0,0,ROSALÍA,25f3abd9-63b5-471a-bd25-feb9672dfa11,https://www.last.fm/music/ROSAL%C3%8DA,8,Spain,2025-11-14 09:45:11.569628
Mundo Nuevo,140,13826,aae3b3ac-48bc-4f20-8727-ea5ac1db7508,https://www.last.fm/music/ROSAL%C3%8DA/_/Mundo+Nuevo,0,0,ROSALÍA,25f3abd9-63b5-471a-bd25-feb9672dfa11,https://www.last.fm/music/ROSAL%C3%8DA,9,Spain,2025-11-14 09:45:11.569628
La Yugular,258,13384,167d038c-7083-478c-966f-4a19c7184cb3,https://www.last.fm/music/ROSAL%C3%8DA/_/La+Yugular,0,0,ROSALÍA,25f3abd9-63b5-471a-bd25-feb9672dfa11,https://www.last.fm/music/ROSAL%C3%8DA,10,Spain,2025-11-14 09:45:11.569628
Sauvignon blanc,162,12939,105ce29c-8055-44d3-810e-4cbe7532754d,https://www.last.fm/music/ROSAL%C3%8DA/_/Sauvignon+blanc,0,0,ROSALÍA,25f3abd9-63b5-471a-bd25-feb9672dfa11,https://www.last.fm/music/ROSAL%C3%8DA,11,Spain,2025-11-14 09:45:11.569628
La Rumba Del Perdón,0,12654,57819a37-8e46-4df5-a340-1a78dc35c100,https://www.last.fm/music/ROSAL%C3%8DA/_/La+Rumba+Del+Perd%C3%B3n,0,0,ROSALÍA,25f3abd9-63b5-471a-bd25-feb9672dfa11,https://www.last.fm/music/ROSAL%C3%8DA,12,Spain,2025-11-14 09:45:11.569628
Magnolias,194,12585,e0532d44-a61d-42fb-bce7-1b6501158be7,https://www.last.fm/music/ROSAL%C3%8DA/_/Magnolias,0,0,ROSALÍA,25f3abd9-63b5-471a-bd25-feb9672dfa11,https://www.last.fm/music/ROSAL%C3%8DA,13,Spain,2025-11-14 09:45:11.569628
Memória,0,11524,b3f9b267-0087-4105-a195-b5acbdf6ec7c,https://www.last.fm/music/ROSAL%C3%8DA/_/Mem%C3%B3ria,0,0,ROSALÍA,25f3abd9-63b5-471a-bd25-feb9672dfa11,https://www.last.fm/music/ROSAL%C3%8DA,14,Spain,2025-11-14 09:45:11.569628
SUPERESTRELLA,183,4966,,https://www.last.fm/music/Aitana/_/SUPERESTRELLA,0,0,Aitana,a24f2bd3-0d1b-4c03-8d91-6297ab5a2811,https://www.last.fm/music/Aitana,15,Spain,2025-11-14 09:45:11.569628
"Daddy Yankee: Bzrp Music Sessions, Vol. 0/66",0,4645,,"https://www.last.fm/music/Bizarrap/_/Daddy+Yankee:+Bzrp+Music+Sessions,+Vol.+0%2F66",0,0,Bizarrap,,https://www.last.fm/music/Bizarrap,16,Spain,2025-11-14 09:45:11.569628
The Fate of Ophelia,226,4382,8670a098-6ab7-4e18-8ac0-0ec7259151f8,https://www.last.fm/music/Taylor+Swift/_/The+Fate+of+Ophelia,0,0,Taylor Swift,20244d07-534f-4eff-b4d4-930878889970,https://www.last.fm/music/Taylor+Swift,17,Spain,2025-11-14 09:45:11.569628
malibU,215,3172,,https://www.last.fm/music/Rusowsky/_/malibU,0,0,Rusowsky,d836bdef-52ef-4142-baba-573e5b529478,https://www.last.fm/music/Rusowsky,18,Spain,2025-11-14 09:45:11.569628
Aralar,0,2936,,https://www.last.fm/music/Amaia/_/Aralar,0,0,Amaia,fd352180-b8c4-4ca3-a8e8-af21d2648372,https://www.last.fm/music/Amaia,19,Spain,2025-11-14 09:45:11.569628
"Vrijheid, Gelijkheid, Zusterschap",190,5277,,"https://www.last.fm/music/Sophie+Straat/_/Vrijheid,+Gelijkheid,+Zusterschap",0,0,Sophie Straat,36831bc8-5449-48a8-8f49-52a421195ab8,https://www.last.fm/music/Sophie+Straat,0,Netherlands,2025-11-14 09:45:12.413394
The Fate of Ophelia,226,5183,8670a098-6ab7-4e18-8ac0-0ec7259151f8,https://www.last.fm/music/Taylor+Swift/_/The+Fate+of+Ophelia,0,0,Taylor Swift,20244d07-534f-4eff-b4d4-930878889970,https://www.last.fm/music/Taylor+Swift,1,Netherlands,2025-11-14 09:45:12.413394
WHERE IS MY HUSBAND!,196,5072,8493b88b-faf1-4735-b329-2366ad52b955,https://www.last.fm/music/RAYE/_/WHERE+IS+MY+HUSBAND%21,0,0,RAYE,8be564c3-dfba-440b-af8c-4ffbceeef45e,https://www.last.fm/music/RAYE,2,Netherlands,2025-11-14 09:45:12.413394
Dracula,205,4755,5b1c893a-16da-4e3d-b9b7-6cc57afc360c,https://www.last.fm/music/Tame+Impala/_/Dracula,0,0,Tame Impala,63aa26c3-d59b-4da4-84ac-716b54f1ef4d,https://www.last.fm/music/Tame+Impala,3,Netherlands,2025-11-14 09:45:12.413394
BERGHAIN,178,4661,01994ced-bddd-4286-b24e-9b72033983e2,https://www.last.fm/music/ROSAL%C3%8DA/_/BERGHAIN,0,0,ROSALÍA,25f3abd9-63b5-471a-bd25-feb9672dfa11,https://www.last.fm/music/ROSAL%C3%8DA,4,Netherlands,2025-11-14 09:45:12.413394
Man I Need,184,4589,dd801b86-829e-4305-b80e-d90410a5b0b9,https://www.last.fm/music/Olivia+Dean/_/Man+I+Need,0,0,Olivia Dean,15e0d608-0869-429b-898d-3d8db3ecedd5,https://www.last.fm/music/Olivia+Dean,5,Netherlands,2025-11-14 09:45:12.413394
"Sexo, Violencia y Llantas",140,4364,e094efe9-3c07-449e-83cf-4ffbad92e95d,"https://www.last.fm/music/ROSAL%C3%8DA/_/Sexo,+Violencia+y+Llantas",0,0,ROSALÍA,25f3abd9-63b5-471a-bd25-feb9672dfa11,https://www.last.fm/music/ROSAL%C3%8DA,6,Netherlands,2025-11-14 09:45:12.413394
Reliquia,230,4194,6fb6ba14-288a-4551-ba61-68c63f0a9f83,https://www.last.fm/music/ROSAL%C3%8DA/_/Reliquia,0,0,ROSALÍA,25f3abd9-63b5-471a-bd25-feb9672dfa11,https://www.last.fm/music/ROSAL%C3%8DA,7,Netherlands,2025-11-14 09:45:12.413394
Divinize,243,3811,2185db2a-e6a4-487b-a3a4-2b030a2daa53,https://www.last.fm/music/ROSAL%C3%8DA/_/Divinize,0,0,ROSALÍA,25f3abd9-63b5-471a-bd25-feb9672dfa11,https://www.last.fm/music/ROSAL%C3%8DA,8,Netherlands,2025-11-14 09:45:12.413394
La Perla,0,3596,060bdc2b-197b-4053-a9e9-53082982ad49,https://www.last.fm/music/ROSAL%C3%8DA/_/La+Perla,0,0,ROSALÍA,25f3abd9-63b5-471a-bd25-feb9672dfa11,https://www.last.fm/music/ROSAL%C3%8DA,9,Netherlands,2025-11-14 09:45:12.413394
back to friends,199,3592,e374d8c3-da4b-42ce-84dd-26f7236907c3,https://www.last.fm/music/sombr/_/back+to+friends,0,0,sombr,502cf908-9921-48bc-bf0e-265c881c0156,https://www.last.fm/music/sombr,10,Netherlands,2025-11-14 09:45:12.413394
Porcelana,247,3584,26053fb8-8cc8-42a5-9578-680ec3542355,https://www.last.fm/music/ROSAL%C3%8DA/_/Porcelana,0,0,ROSALÍA,25f3abd9-63b5-471a-bd25-feb9672dfa11,https://www.last.fm/music/ROSAL%C3%8DA,11,Netherlands,2025-11-14 09:45:12.413394
So Easy (To Fall In Love),0,3566,,https://www.last.fm/music/Olivia+Dean/_/So+Easy+(To+Fall+In+Love),0,0,Olivia Dean,15e0d608-0869-429b-898d-3d8db3ecedd5,https://www.last.fm/music/Olivia+Dean,12,Netherlands,2025-11-14 09:45:12.413394
12 to 12,242,3437,aa4d95ad-3db9-45c0-a11e-6094765cc0d4,https://www.last.fm/music/sombr/_/12+to+12,0,0,sombr,502cf908-9921-48bc-bf0e-265c881c0156,https://www.last.fm/music/sombr,13,Netherlands,2025-11-14 09:45:12.413394
Mio Cristo Piange Diamanti,269,3380,,https://www.last.fm/music/ROSAL%C3%8DA/_/Mio+Cristo+Piange+Diamanti,0,0,ROSALÍA,25f3abd9-63b5-471a-bd25-feb9672dfa11,https://www.last.fm/music/ROSAL%C3%8DA,14,Netherlands,2025-11-14 09:45:12.413394
undressed,182,3373,9a79c037-0ef6-4146-81a5-8cdd8c558b9e,https://www.last.fm/music/sombr/_/undressed,0,0,sombr,502cf908-9921-48bc-bf0e-265c881c0156,https://www.last.fm/music/sombr,15,Netherlands,2025-11-14 09:45:12.413394
The Less I Know the Better,217,3217,78be434c-0908-458f-9693-f16cdebb68ef,https://www.last.fm/music/Tame+Impala/_/The+Less+I+Know+the+Better,0,0,Tame Impala,63aa26c3-d59b-4da4-84ac-716b54f1ef4d,https://www.last.fm/music/Tame+Impala,16,Netherlands,2025-11-14 09:45:12.413394
Sweater Weather,240,3212,c57fc620-9ca2-40be-95ec-2c498a2151a8,https://www.last.fm/music/The+Neighbourhood/_/Sweater+Weather,0,0,The Neighbourhood,53b06622-ec51-4924-a554-58b0affde6b5,https://www.last.fm/music/The+Neighbourhood,17,Netherlands,2025-11-14 09:45:12.413394
De Madrugá,104,3164,0b35c7cd-80d0-4e09-8b5f-a8ec5597d2fd,https://www.last.fm/music/ROSAL%C3%8DA/_/De+Madrug%C3%A1,0,0,ROSALÍA,25f3abd9-63b5-471a-bd25-feb9672dfa11,https://www.last.fm/music/ROSAL%C3%8DA,18,Netherlands,2025-11-14 09:45:12.413394
Dios Es Un Stalker,131,3119,8dfc0a7a-5058-4d33-9177-f35032cc6e0d,https://www.last.fm/music/ROSAL%C3%8DA/_/Dios+Es+Un+Stalker,0,0,ROSALÍA,25f3abd9-63b5-471a-bd25-feb9672dfa11,https://www.last.fm/music/ROSAL%C3%8DA,19,Netherlands,2025-11-14 09:45:12.413394
Sahiba,190,5169,766dd672-6447-410e-ab88-d2f559ff40c4,https://www.last.fm/music/Aditya+Rikhari/_/Sahiba,0,0,Aditya Rikhari,5d77d4cf-febf-4e5c-b8e7-16ea5ffb0439,https://www.last.fm/music/Aditya+Rikhari,0,India,2025-11-14 09:45:13.285619
SPAGHETTI,0,4500,,https://www.last.fm/music/LE+SSERAFIM/_/SPAGHETTI,0,0,LE SSERAFIM,,https://www.last.fm/music/LE+SSERAFIM,1,India,2025-11-14 09:45:13.285619
For A Reason,0,4380,,https://www.last.fm/music/Karan+Aujla/_/For+A+Reason,0,0,Karan Aujla,4a779683-5404-4b90-a0d7-242495158265,https://www.last.fm/music/Karan+Aujla,2,India,2025-11-14 09:45:13.285619
back to friends,199,4218,e374d8c3-da4b-42ce-84dd-26f7236907c3,https://www.last.fm/music/sombr/_/back+to+friends,0,0,sombr,502cf908-9921-48bc-bf0e-265c881c0156,https://www.last.fm/music/sombr,3,India,2025-11-14 09:45:13.285619
PIXELATED KISSES,110,4191,55954136-95c6-4b12-977a-69da27c6a479,https://www.last.fm/music/Joji/_/PIXELATED+KISSES,0,0,Joji,74922d42-c3ec-4f7d-8a24-20da6eda6ba6,https://www.last.fm/music/Joji,4,India,2025-11-14 09:45:13.285619
Past Won't Leave My Bed,166,3877,455e9af8-3ce0-466d-8f80-3d586363d71b,https://www.last.fm/music/Joji/_/Past+Won%27t+Leave+My+Bed,0,0,Joji,74922d42-c3ec-4f7d-8a24-20da6eda6ba6,https://www.last.fm/music/Joji,5,India,2025-11-14 09:45:13.285619
Timeless (Feat Playboi Carti),0,3874,60cae8b4-815e-4794-abaf-3f7e721936d8,https://www.last.fm/music/The+Weeknd/_/Timeless+(Feat+Playboi+Carti),0,0,The Weeknd,c8b03190-306c-4120-bb0b-6f2ebfc06ea9,https://www.last.fm/music/The+Weeknd,6,India,2025-11-14 09:45:13.285619
Mona Lisa,137,3836,,https://www.last.fm/music/j-hope/_/Mona+Lisa,0,0,j-hope,,https://www.last.fm/music/j-hope,7,India,2025-11-14 09:45:13.285619
Don’t Say You Love Me,180,3802,b9475022-5631-4574-a5bb-24e271a922e0,https://www.last.fm/music/Jin/_/Don%E2%80%99t+Say+You+Love+Me,0,0,Jin,fa501e2e-900e-46cf-8362-5dee8afaa7c7,https://www.last.fm/music/Jin,8,India,2025-11-14 09:45:13.285619
Who,170,3748,ef795484-964c-48db-adff-25295fd3330d,https://www.last.fm/music/Jimin/_/Who,0,0,Jimin,d2582c77-6b0f-4b2f-802f-8f3cad1a5fec,https://www.last.fm/music/Jimin,9,India,2025-11-14 09:45:13.285619
Life Goes On,208,3706,7e36230c-fc8b-44f7-ad0b-6924bf34dde0,https://www.last.fm/music/BTS/_/Life+Goes+On,0,0,BTS,0d79fe8e-ba27-4859-bb8c-2f255f346853,https://www.last.fm/music/BTS,10,India,2025-11-14 09:45:13.285619
Dracula,205,3608,5b1c893a-16da-4e3d-b9b7-6cc57afc360c,https://www.last.fm/music/Tame+Impala/_/Dracula,0,0,Tame Impala,63aa26c3-d59b-4da4-84ac-716b54f1ef4d,https://www.last.fm/music/Tame+Impala,11,India,2025-11-14 09:45:13.285619
Apocalypse,290,3604,a847bc14-7d8e-4009-ae3c-e7b60ecc71d3,https://www.last.fm/music/Cigarettes+After+Sex/_/Apocalypse,0,0,Cigarettes After Sex,34557d8f-ee4a-44ab-ae6e-49bb8ac604d0,https://www.last.fm/music/Cigarettes+After+Sex,12,India,2025-11-14 09:45:13.285619
Killin' It Girl (feat. GloRilla),0,3599,,https://www.last.fm/music/j-hope/_/Killin%27+It+Girl+(feat.+GloRilla),0,0,j-hope,,https://www.last.fm/music/j-hope,13,India,2025-11-14 09:45:13.285619
Sweater Weather,240,3556,c57fc620-9ca2-40be-95ec-2c498a2151a8,https://www.last.fm/music/The+Neighbourhood/_/Sweater+Weather,0,0,The Neighbourhood,53b06622-ec51-4924-a554-58b0affde6b5,https://www.last.fm/music/The+Neighbourhood,14,India,2025-11-14 09:45:13.285619
DNA,223,3513,4e7bfe28-623f-4123-b688-e55ef346b8fe,https://www.last.fm/music/BTS/_/DNA,0,0,BTS,0d79fe8e-ba27-4859-bb8c-2f255f346853,https://www.last.fm/music/BTS,15,India,2025-11-14 09:45:13.285619
No Pole,187,3497,c44742a1-ef4a-4493-84d6-969ef837d125,https://www.last.fm/music/Don+Toliver/_/No+Pole,0,0,Don Toliver,a0723a3c-4135-438e-85c5-012712144ede,https://www.last.fm/music/Don+Toliver,16,India,2025-11-14 09:45:13.285619
The Less I Know the Better,217,3439,78be434c-0908-458f-9693-f16cdebb68ef,https://www.last.fm/music/Tame+Impala/_/The+Less+I+Know+the+Better,0,0,Tame Impala,63aa26c3-d59b-4da4-84ac-716b54f1ef4d,https://www.last.fm/music/Tame+Impala,17,India,2025-11-14 09:45:13.285619
Haegeum,168,3438,079a54bb-1a59-4e40-8456-7695b644d059,https://www.last.fm/music/Agust+D/_/Haegeum,0,0,Agust D,f09d2950-e3c6-47b2-b21c-2bad2cd3f616,https://www.last.fm/music/Agust+D,18,India,2025-11-14 09:45:13.285619
No One Noticed,236,3417,d13a634b-9f69-4256-9415-b7e95aac101d,https://www.last.fm/music/The+Mar%C3%ADas/_/No+One+Noticed,0,0,The Marías,7a3970c9-ecd8-4eee-a267-4d8c77d97ff3,https://www.last.fm/music/The+Mar%C3%ADas,19,India,2025-11-14 09:45:13.285619
